wave,interaction.depth,shrinkage,n.trees,bag.fraction,max_abs_smd,mean_abs_smd,n_bad_010
1965,1,0.001,10000,1,0.8518234836763207,0.11907170639546538,6
1965,1,0.001,10000,0.75,0.9171400838746272,0.11241337447673991,4
1965,1,0.003,10000,1,0.9796921647305633,0.12460953937237769,6
1965,1,0.003,20000,1,0.9796921647305633,0.12460953937237769,6
1965,1,0.001,20000,1,0.9802434529110583,0.1246682781614838,6
1965,1,0.003,10000,0.75,1.0075261766796115,0.11691866522211591,4
1965,1,0.003,20000,0.75,1.0238632552632112,0.11674678577371235,4
1965,1,0.001,20000,0.75,1.078306172588858,0.12175995523134753,4
1965,2,0.003,10000,0.75,1.3413518709325338,0.14136181797843234,5
1965,2,0.003,20000,0.75,1.3593039020993822,0.14203214258766356,4
1965,2,0.003,10000,1,1.417713751983725,0.15894243556192322,6
1965,2,0.003,20000,1,1.417713751983725,0.15894243556192322,6
1965,2,0.001,10000,1,1.420793766374984,0.15933382601320573,6
1965,2,0.001,20000,1,1.4328928598947295,0.1601184309396098,6
1965,2,0.001,10000,0.75,1.4376094605557876,0.1458879211985488,4
1965,2,0.001,20000,0.75,1.5287139331102084,0.15245202981478426,4
1968,2,0.001,10000,1,0.6224263080546124,0.12747511640671963,5
1968,2,0.001,20000,1,0.6224263080546124,0.12747511640671963,5
1968,2,0.003,10000,1,0.6235167024938588,0.12757974703033165,5
1968,2,0.003,20000,1,0.6235167024938588,0.12757974703033165,5
1968,2,0.003,20000,0.75,0.6665505390822655,0.12908536737230564,5
1968,2,0.001,10000,0.75,0.6719822424129708,0.1302760437828318,5
1968,2,0.001,20000,0.75,0.701324284084167,0.13044640935142982,5
1968,2,0.003,10000,0.75,0.7074232731947337,0.12836321228551503,5
1968,1,0.003,10000,1,0.8706999789085632,0.13374079163577676,5
1968,1,0.003,20000,1,0.8706999789085632,0.13374079163577676,5
1968,1,0.001,10000,1,0.8712578299390432,0.13381823669016096,5
1968,1,0.001,20000,1,0.8712578299390432,0.13381823669016096,5
1968,1,0.001,10000,0.75,0.9546251671729088,0.13738221856925484,5
1968,1,0.003,10000,0.75,0.9630623297120751,0.13847352508921792,5
1968,1,0.001,20000,0.75,0.9652083955862852,0.13734477290551989,5
1968,1,0.003,20000,0.75,0.9913117691649348,0.13691648548116478,5
1970,2,0.001,10000,1,0.9829586197152786,0.15838839994317755,8
1970,2,0.001,10000,0.75,1.0375798237069895,0.16685234451175218,6
1970,1,0.003,20000,0.75,1.0639969983067357,0.1650782444728556,7
1970,1,0.003,10000,0.75,1.0696688191170067,0.1611174846721677,6
1970,2,0.001,20000,1,1.2747663402535385,0.1627790188450228,8
1970,1,0.001,20000,0.75,1.404178331421635,0.17065904302491913,5
1970,2,0.001,20000,0.75,1.5045373753630271,0.18161996758380597,6
1970,2,0.003,10000,1,1.6966303034594332,0.18817254333403924,7
1970,1,0.003,20000,1,1.7637281813753645,0.20705091725162544,5
1970,1,0.001,10000,0.75,1.8191915572453323,0.1878439734435104,5
1970,1,0.003,10000,1,1.9090247886029632,0.19239417085636554,6
1970,1,0.001,10000,1,1.9095132354374023,0.19243080392311118,6
1970,1,0.001,20000,1,1.9095132354374023,0.19243080392311118,6
1970,2,0.003,10000,0.75,1.9590111052189532,0.20345192340096283,6
1970,2,0.003,20000,1,2.056353476990107,0.2094906455520914,8
1970,2,0.003,20000,0.75,3.5551811505390343,0.29374235555421957,5
