event_time,estimate,se,ci_low,ci_high,significant
-6,0.10580038407689585,0.4907495445183887,-0.856068723179146,1.0676694913329376,No
-5,0.10902110996793052,0.4509630951909809,-0.7748665566063919,0.9929087765422531,No
-4,-0.21184730143054825,0.4100641740560906,-1.0155730825804858,0.5918784797193892,No
-3,-0.18979880975112526,0.4178719017199749,-1.008827737122276,0.6292301176200256,No
-2,-0.15790516118645842,0.38776036825272464,-0.9179154829617988,0.6021051605888819,No
-1,0,NA,NA,NA,NA
0,0.31732849327989865,0.39893513175992146,-0.46458436496954736,1.0992413515293447,No
1,0.4307527447149047,0.48843800724958897,-0.5265857494942896,1.3880912389240991,No
2,-0.775063189011058,0.4382040593816534,-1.6339431453990987,0.08381676737698274,No
3,-1.3059759152062926,0.4955485044548616,-2.2772509839378214,-0.33470084647476395,Yes
4,-1.3014650710842635,0.6000782725815307,-2.4776184853440633,-0.12531165682446344,Yes
5,-1.1109002933263068,0.6364819810510985,-2.35840497618646,0.13660438953384624,No
6,-1.5378660043815784,0.6796556173665609,-2.869991014420038,-0.205740994343119,Yes
7,-1.1630307318595194,0.683185934682979,-2.502075163838158,0.17601370011911932,No
8,-1.1615352898251112,0.671335815259231,-2.477353487733204,0.1542829080829815,No
9,-1.6383017277341805,0.6999432604151423,-3.0101905181478594,-0.26641293732050153,Yes
10,-1.9017971860197922,0.7255898626538665,-3.3239533168213704,-0.479641055218214,Yes
11,-1.7163591405459229,0.7978504764764986,-3.2801460744398603,-0.15257220665198545,Yes
12,-1.8620258195015298,0.7882307612054849,-3.40695811146428,-0.3170935275387794,Yes
13,-1.505990599797134,0.7805456013286142,-3.0358599784012177,0.023878778806949885,No
14,-1.4715549431516413,0.7899608341580527,-3.0198781781014246,0.07676829179814204,No
15,-1.3652827841291737,0.7499139259932415,-2.835114079075927,0.10454851081757965,No
