event_time,estimate,ci_low,ci_high,method
-6,0.10580038407689585,-0.856068723179146,1.0676694913329376,Callaway and Sant’Anna (2021)
-5,0.10902110996793052,-0.7748665566063919,0.9929087765422531,Callaway and Sant’Anna (2021)
-4,-0.21184730143054825,-1.0155730825804858,0.5918784797193892,Callaway and Sant’Anna (2021)
-3,-0.18979880975112526,-1.008827737122276,0.6292301176200256,Callaway and Sant’Anna (2021)
-2,-0.15790516118645842,-0.9179154829617988,0.6021051605888819,Callaway and Sant’Anna (2021)
-1,0,NA,NA,Callaway and Sant’Anna (2021)
0,0.31732849327989865,-0.46458436496954736,1.0992413515293447,Callaway and Sant’Anna (2021)
1,0.4307527447149047,-0.5265857494942896,1.3880912389240991,Callaway and Sant’Anna (2021)
2,-0.775063189011058,-1.6339431453990987,0.08381676737698274,Callaway and Sant’Anna (2021)
3,-1.3059759152062926,-2.2772509839378214,-0.33470084647476395,Callaway and Sant’Anna (2021)
4,-1.3014650710842635,-2.4776184853440633,-0.12531165682446344,Callaway and Sant’Anna (2021)
5,-1.1109002933263068,-2.35840497618646,0.13660438953384624,Callaway and Sant’Anna (2021)
6,-1.5378660043815784,-2.869991014420038,-0.205740994343119,Callaway and Sant’Anna (2021)
7,-1.1630307318595194,-2.502075163838158,0.17601370011911932,Callaway and Sant’Anna (2021)
8,-1.1615352898251112,-2.477353487733204,0.1542829080829815,Callaway and Sant’Anna (2021)
9,-1.6383017277341805,-3.0101905181478594,-0.26641293732050153,Callaway and Sant’Anna (2021)
10,-1.9017971860197922,-3.3239533168213704,-0.479641055218214,Callaway and Sant’Anna (2021)
11,-1.7163591405459229,-3.2801460744398603,-0.15257220665198545,Callaway and Sant’Anna (2021)
12,-1.8620258195015298,-3.40695811146428,-0.3170935275387794,Callaway and Sant’Anna (2021)
13,-1.505990599797134,-3.0358599784012177,0.023878778806949885,Callaway and Sant’Anna (2021)
14,-1.4715549431516413,-3.0198781781014246,0.07676829179814204,Callaway and Sant’Anna (2021)
15,-1.3652827841291737,-2.835114079075927,0.10454851081757965,Callaway and Sant’Anna (2021)
-6,-0.22940805755131086,-1.4334359056393702,0.9746197905367484,Sun and Abraham (2021)
-5,0.12750909790009993,-0.9453726568995251,1.200390852699725,Sun and Abraham (2021)
-4,-0.002216181581774216,-0.9157318487343918,0.9112994855708435,Sun and Abraham (2021)
-3,-0.018559208139320882,-0.8577839809330777,0.820665564654436,Sun and Abraham (2021)
-2,0.11363409099507371,-0.6418079275138103,0.86907610950395775,Sun and Abraham (2021)
0,0.05282501269282329,-0.6939123592283557,0.7995623846140022,Sun and Abraham (2021)
1,-0.14704746407542907,-1.0573981798240677,0.7633032516732097,Sun and Abraham (2021)
2,-1.7786622649128307,-2.6526912618248764,-0.9046332680007851,Sun and Abraham (2021)
3,-2.868726720440004,-3.8691383747699852,-1.8683150661100234,Sun and Abraham (2021)
4,-3.300521374306037,-4.331146254284098,-2.269896494327976,Sun and Abraham (2021)
5,-3.8499141173652633,-4.948950098844264,-2.750878135886262,Sun and Abraham (2021)
6,-4.681354700746419,-5.839412242393319,-3.523297159099519,Sun and Abraham (2021)
7,-4.674411984624839,-5.869087736244797,-3.47973623300488,Sun and Abraham (2021)
8,-5.186461931263591,-6.393287574524061,-3.979636288003121,Sun and Abraham (2021)
9,-5.684549197874441,-6.912409810825866,-4.456688584923016,Sun and Abraham (2021)
10,-5.983415779148862,-7.248442070626299,-4.718389487671424,Sun and Abraham (2021)
11,-5.946574193501787,-7.243696232607658,-4.649452154395916,Sun and Abraham (2021)
12,-5.875735736078441,-7.150751601829517,-4.600719870327364,Sun and Abraham (2021)
13,-5.31431667082655,-6.6088074778057955,-4.019825863847304,Sun and Abraham (2021)
14,-4.951457237262226,-6.245339647677492,-3.657574826846961,Sun and Abraham (2021)
15,-4.40275072215778,-5.716420196727089,-3.089081247588471,Sun and Abraham (2021)
-6,0.27609145510763233,-1.3652653021016365,1.9174482123169012,Stacked weighted event study
-5,-0.1674260300821391,-1.6456252828972373,1.3107732227329592,Stacked weighted event study
-4,-0.05952494816575861,-1.373707130214422,1.2546572338829045,Stacked weighted event study
-3,-0.695425433372008,-1.8278052084321723,0.4369543416881563,Stacked weighted event study
-2,-0.3235760694121756,-1.356258352336893,0.7091062135125417,Stacked weighted event study
0,-0.33661720147940505,-1.1284438295390113,0.4552094265802013,Stacked weighted event study
1,-0.14051398694799705,-1.1948129874336355,0.9137850135376415,Stacked weighted event study
2,-0.04284115955283401,-1.2361817528941834,1.1504994337885155,Stacked weighted event study
3,-1.1761082481214147,-2.302108797063384,-0.050107699179445575,Stacked weighted event study
4,-1.0694094535015688,-2.2802535009429428,0.14143459393980518,Stacked weighted event study
5,-1.3679653932481595,-2.669050080867782,-0.06688070562853676,Stacked weighted event study
6,-0.5304847760201553,-1.9302918233811162,0.8693222713408054,Stacked weighted event study
7,-0.47468399387051063,-1.828492039664992,0.8791240519239708,Stacked weighted event study
8,-0.2461022943472066,-1.720594756376369,1.2283901676819557,Stacked weighted event study
9,-0.3558818775642241,-1.821640162647314,1.1098764075188658,Stacked weighted event study
10,-0.1111770095219269,-1.53487831386602,1.3125242948221663,Stacked weighted event study
11,-0.4614941304258112,-1.9153704114327161,0.9923821505810938,Stacked weighted event study
12,-0.11879289007379143,-1.5972021434480552,1.3596163633004725,Stacked weighted event study
13,-0.14366546855328524,-1.6082890540580206,1.3209581169514502,Stacked weighted event study
14,-0.03368201048269285,-1.4916131715461414,1.4242491505807555,Stacked weighted event study
15,0.088219813473858,-1.4461677958438925,1.6226074227916087,Stacked weighted event study
-1,0,0,0,Stacked weighted event study
